ticker,feature,psi
HINDPETRO.NS,rsi,0.0989
HINDPETRO.NS,atr,12.1675
HINDPETRO.NS,ema_20,15.7718
HINDPETRO.NS,ema_50,15.8861
HINDPETRO.NS,ema_200,15.3776
HINDPETRO.NS,ret_1,0.0284
HINDPETRO.NS,ret_5,0.0473
HINDPETRO.NS,ret_10,0.0511
TATASTEEL.NS,rsi,0.0609
TATASTEEL.NS,atr,0.2374
TATASTEEL.NS,ema_20,12.131
TATASTEEL.NS,ema_50,15.8171
TATASTEEL.NS,ema_200,18.8787
TATASTEEL.NS,ret_1,0.232
TATASTEEL.NS,ret_5,0.2947
TATASTEEL.NS,ret_10,0.2684
VOLTAS.NS,rsi,0.0823
VOLTAS.NS,atr,4.5567
VOLTAS.NS,ema_20,8.9584
VOLTAS.NS,ema_50,8.8151
VOLTAS.NS,ema_200,9.1738
VOLTAS.NS,ret_1,0.0266
VOLTAS.NS,ret_5,0.0293
VOLTAS.NS,ret_10,0.0274
LAURUSLABS.NS,rsi,0.4236
LAURUSLABS.NS,atr,0.7155
LAURUSLABS.NS,ema_20,0.9536
LAURUSLABS.NS,ema_50,0.8159
LAURUSLABS.NS,ema_200,5.6917
LAURUSLABS.NS,ret_1,0.0275
LAURUSLABS.NS,ret_5,0.0562
LAURUSLABS.NS,ret_10,0.1323
ASHOKLEY.NS,rsi,0.0567
ASHOKLEY.NS,atr,4.4002
ASHOKLEY.NS,ema_20,26.4016
ASHOKLEY.NS,ema_50,26.3171
ASHOKLEY.NS,ema_200,29.9964
ASHOKLEY.NS,ret_1,0.1102
ASHOKLEY.NS,ret_5,0.1211
ASHOKLEY.NS,ret_10,0.1575
POLYCAB.NS,rsi,0.0927
POLYCAB.NS,atr,19.7762
POLYCAB.NS,ema_20,30.358
POLYCAB.NS,ema_50,30.7232
POLYCAB.NS,ema_200,37.2473
POLYCAB.NS,ret_1,0.0153
POLYCAB.NS,ret_5,0.0361
POLYCAB.NS,ret_10,0.0448
GUJGASLTD.NS,rsi,0.148
GUJGASLTD.NS,atr,1.0656
GUJGASLTD.NS,ema_20,1.5247
GUJGASLTD.NS,ema_50,4.8818
GUJGASLTD.NS,ema_200,8.6827
GUJGASLTD.NS,ret_1,0.0858
GUJGASLTD.NS,ret_5,0.0467
GUJGASLTD.NS,ret_10,0.0774
MPHASIS.NS,rsi,0.0358
MPHASIS.NS,atr,1.4868
MPHASIS.NS,ema_20,8.6983
MPHASIS.NS,ema_50,8.307
MPHASIS.NS,ema_200,4.6743
MPHASIS.NS,ret_1,0.0378
MPHASIS.NS,ret_5,0.0342
MPHASIS.NS,ret_10,0.0382
SUZLON.NS,rsi,0.1368
SUZLON.NS,atr,20.1378
SUZLON.NS,ema_20,26.5748
SUZLON.NS,ema_50,26.4837
SUZLON.NS,ema_200,29.8983
SUZLON.NS,ret_1,0.1765
SUZLON.NS,ret_5,0.153
SUZLON.NS,ret_10,0.1852
PRESTIGE.NS,rsi,0.3369
PRESTIGE.NS,atr,16.0065
PRESTIGE.NS,ema_20,23.6611
PRESTIGE.NS,ema_50,23.2558
PRESTIGE.NS,ema_200,26.5368
PRESTIGE.NS,ret_1,0.0627
PRESTIGE.NS,ret_5,0.1105
PRESTIGE.NS,ret_10,0.1469
DIXON.NS,rsi,0.3584
DIXON.NS,atr,8.1294
DIXON.NS,ema_20,12.7926
DIXON.NS,ema_50,12.3498
DIXON.NS,ema_200,15.584
DIXON.NS,ret_1,0.038
DIXON.NS,ret_5,0.046
DIXON.NS,ret_10,0.1057
SUPREMEIND.NS,rsi,0.0579
SUPREMEIND.NS,atr,23.0276
SUPREMEIND.NS,ema_20,30.2946
SUPREMEIND.NS,ema_50,30.6079
SUPREMEIND.NS,ema_200,37.2473
SUPREMEIND.NS,ret_1,0.0465
SUPREMEIND.NS,ret_5,0.0328
SUPREMEIND.NS,ret_10,0.0895
COFORGE.NS,rsi,0.1927
COFORGE.NS,atr,0.9446
COFORGE.NS,ema_20,18.9869
COFORGE.NS,ema_50,19.2578
COFORGE.NS,ema_200,19.2382
COFORGE.NS,ret_1,0.1271
COFORGE.NS,ret_5,0.0464
COFORGE.NS,ret_10,0.0412
SRF.NS,rsi,0.2562
SRF.NS,atr,4.2276
SRF.NS,ema_20,11.5792
SRF.NS,ema_50,11.9332
SRF.NS,ema_200,19.9642
SRF.NS,ret_1,0.0659
SRF.NS,ret_5,0.1881
SRF.NS,ret_10,0.2226
ICICIBANK.NS,rsi,0.0252
ICICIBANK.NS,atr,1.3617
ICICIBANK.NS,ema_20,26.8173
ICICIBANK.NS,ema_50,29.9424
ICICIBANK.NS,ema_200,30.8681
ICICIBANK.NS,ret_1,0.2487
ICICIBANK.NS,ret_5,0.2696
ICICIBANK.NS,ret_10,0.2878
BHARTIARTL.NS,rsi,0.2569
BHARTIARTL.NS,atr,12.1953
BHARTIARTL.NS,ema_20,26.9264
BHARTIARTL.NS,ema_50,29.8205
BHARTIARTL.NS,ema_200,30.1872
BHARTIARTL.NS,ret_1,0.1193
BHARTIARTL.NS,ret_5,0.0983
BHARTIARTL.NS,ret_10,0.1471
INDHOTEL.NS,rsi,0.0488
INDHOTEL.NS,atr,18.8285
INDHOTEL.NS,ema_20,30.238
INDHOTEL.NS,ema_50,30.2946
INDHOTEL.NS,ema_200,37.2473
INDHOTEL.NS,ret_1,0.1151
INDHOTEL.NS,ret_5,0.1589
INDHOTEL.NS,ret_10,0.2206
DRREDDY.NS,rsi,0.3295
DRREDDY.NS,atr,0.5256
DRREDDY.NS,ema_20,19.7812
DRREDDY.NS,ema_50,20.2804
DRREDDY.NS,ema_200,16.7256
DRREDDY.NS,ret_1,0.0259
DRREDDY.NS,ret_5,0.0595
DRREDDY.NS,ret_10,0.0796
ZYDUSLIFE.NS,rsi,0.1959
ZYDUSLIFE.NS,atr,5.4224
ZYDUSLIFE.NS,ema_20,22.7967
ZYDUSLIFE.NS,ema_50,22.8024
ZYDUSLIFE.NS,ema_200,20.0125
ZYDUSLIFE.NS,ret_1,0.0425
ZYDUSLIFE.NS,ret_5,0.0977
ZYDUSLIFE.NS,ret_10,0.2022
SBIN.NS,rsi,0.0933
SBIN.NS,atr,1.3496
SBIN.NS,ema_20,23.104
SBIN.NS,ema_50,26.3365
SBIN.NS,ema_200,29.9549
SBIN.NS,ret_1,0.1343
SBIN.NS,ret_5,0.1947
SBIN.NS,ret_10,0.2741
GLAND.NS,rsi,0.2095
GLAND.NS,atr,12.0747
GLAND.NS,ema_20,13.7351
GLAND.NS,ema_50,16.3623
GLAND.NS,ema_200,27.5754
GLAND.NS,ret_1,0.0826
GLAND.NS,ret_5,0.0786
GLAND.NS,ret_10,0.0841
EICHERMOT.NS,rsi,0.1344
EICHERMOT.NS,atr,1.9389
EICHERMOT.NS,ema_20,22.8501
EICHERMOT.NS,ema_50,22.9624
EICHERMOT.NS,ema_200,29.9681
EICHERMOT.NS,ret_1,0.094
EICHERMOT.NS,ret_5,0.0924
EICHERMOT.NS,ret_10,0.0994
NESTLEIND.NS,rsi,0.045
NESTLEIND.NS,atr,5.3862
NESTLEIND.NS,ema_20,23.9471
NESTLEIND.NS,ema_50,26.8934
NESTLEIND.NS,ema_200,30.212
NESTLEIND.NS,ret_1,0.0575
NESTLEIND.NS,ret_5,0.0447
NESTLEIND.NS,ret_10,0.0661
AFFLE.NS,rsi,0.1854
AFFLE.NS,atr,0.4162
AFFLE.NS,ema_20,11.5321
AFFLE.NS,ema_50,11.3269
AFFLE.NS,ema_200,15.4179
AFFLE.NS,ret_1,0.0742
AFFLE.NS,ret_5,0.0911
AFFLE.NS,ret_10,0.2263
OBEROIRLTY.NS,rsi,0.0368
OBEROIRLTY.NS,atr,4.9124
OBEROIRLTY.NS,ema_20,23.1153
OBEROIRLTY.NS,ema_50,23.0988
OBEROIRLTY.NS,ema_200,26.6857
OBEROIRLTY.NS,ret_1,0.0382
OBEROIRLTY.NS,ret_5,0.0613
OBEROIRLTY.NS,ret_10,0.0798
IDFCFIRSTB.NS,rsi,0.0673
IDFCFIRSTB.NS,atr,0.7806
IDFCFIRSTB.NS,ema_20,26.4099
IDFCFIRSTB.NS,ema_50,26.9389
IDFCFIRSTB.NS,ema_200,37.2473
IDFCFIRSTB.NS,ret_1,0.1615
IDFCFIRSTB.NS,ret_5,0.1886
IDFCFIRSTB.NS,ret_10,0.2865
CANFINHOME.NS,rsi,0.0428
CANFINHOME.NS,atr,0.3063
CANFINHOME.NS,ema_20,23.113
CANFINHOME.NS,ema_50,26.586
CANFINHOME.NS,ema_200,23.301
CANFINHOME.NS,ret_1,0.0706
CANFINHOME.NS,ret_5,0.0782
CANFINHOME.NS,ret_10,0.1525
BPCL.NS,rsi,0.1119
BPCL.NS,atr,8.6944
BPCL.NS,ema_20,15.6395
BPCL.NS,ema_50,15.7223
BPCL.NS,ema_200,12.6909
BPCL.NS,ret_1,0.0441
BPCL.NS,ret_5,0.0443
BPCL.NS,ret_10,0.0897
FEDERALBNK.NS,rsi,0.0897
FEDERALBNK.NS,atr,4.7284
FEDERALBNK.NS,ema_20,29.8452
FEDERALBNK.NS,ema_50,29.8049
FEDERALBNK.NS,ema_200,37.2473
FEDERALBNK.NS,ret_1,0.2067
FEDERALBNK.NS,ret_5,0.1635
FEDERALBNK.NS,ret_10,0.2503
GODREJPROP.NS,rsi,0.0748
GODREJPROP.NS,atr,0.8781
GODREJPROP.NS,ema_20,5.6134
GODREJPROP.NS,ema_50,8.6822
GODREJPROP.NS,ema_200,15.2323
GODREJPROP.NS,ret_1,0.0196
GODREJPROP.NS,ret_5,0.0513
GODREJPROP.NS,ret_10,0.0457
MARICO.NS,rsi,0.0348
MARICO.NS,atr,4.3502
MARICO.NS,ema_20,12.3133
MARICO.NS,ema_50,12.5267
MARICO.NS,ema_200,23.0322
MARICO.NS,ret_1,0.0146
MARICO.NS,ret_5,0.021
MARICO.NS,ret_10,0.017
ONGC.NS,rsi,0.0699
ONGC.NS,atr,1.7644
ONGC.NS,ema_20,26.4482
ONGC.NS,ema_50,29.833
ONGC.NS,ema_200,29.8555
ONGC.NS,ret_1,0.0741
ONGC.NS,ret_5,0.1141
ONGC.NS,ret_10,0.1586
YESBANK.NS,rsi,0.0652
YESBANK.NS,atr,0.3544
YESBANK.NS,ema_20,19.0272
YESBANK.NS,ema_50,19.4942
YESBANK.NS,ema_200,29.8419
YESBANK.NS,ret_1,0.0479
YESBANK.NS,ret_5,0.0659
YESBANK.NS,ret_10,0.0464
HEROMOTOCO.NS,rsi,0.3833
HEROMOTOCO.NS,atr,5.1002
HEROMOTOCO.NS,ema_20,12.4787
HEROMOTOCO.NS,ema_50,12.3615
HEROMOTOCO.NS,ema_200,12.3721
HEROMOTOCO.NS,ret_1,0.0341
HEROMOTOCO.NS,ret_5,0.1041
HEROMOTOCO.NS,ret_10,0.1564
TCS.NS,rsi,0.1118
TCS.NS,atr,0.7066
TCS.NS,ema_20,8.3487
TCS.NS,ema_50,11.6955
TCS.NS,ema_200,18.8406
TCS.NS,ret_1,0.0384
TCS.NS,ret_5,0.1203
TCS.NS,ret_10,0.1117
ALKEM.NS,rsi,0.1409
ALKEM.NS,atr,8.6033
ALKEM.NS,ema_20,19.4384
ALKEM.NS,ema_50,19.3861
ALKEM.NS,ema_200,22.8173
ALKEM.NS,ret_1,0.0542
ALKEM.NS,ret_5,0.0512
ALKEM.NS,ret_10,0.0563
COLPAL.NS,rsi,0.2938
COLPAL.NS,atr,13.2827
COLPAL.NS,ema_20,19.9781
COLPAL.NS,ema_50,19.7263
COLPAL.NS,ema_200,19.5546
COLPAL.NS,ret_1,0.056
COLPAL.NS,ret_5,0.1344
COLPAL.NS,ret_10,0.1619
TATACONSUM.NS,rsi,0.0571
TATACONSUM.NS,atr,4.7466
TATACONSUM.NS,ema_20,19.9251
TATACONSUM.NS,ema_50,19.7881
TATACONSUM.NS,ema_200,26.2536
TATACONSUM.NS,ret_1,0.0351
TATACONSUM.NS,ret_5,0.0316
TATACONSUM.NS,ret_10,0.087
BHARATFORG.NS,rsi,0.2155
BHARATFORG.NS,atr,12.5505
BHARATFORG.NS,ema_20,26.4265
BHARATFORG.NS,ema_50,29.8143
BHARATFORG.NS,ema_200,30.0997
BHARATFORG.NS,ret_1,0.0645
BHARATFORG.NS,ret_5,0.0619
BHARATFORG.NS,ret_10,0.0472
INFY.NS,rsi,0.1803
INFY.NS,atr,0.3098
INFY.NS,ema_20,0.7458
INFY.NS,ema_50,5.0765
INFY.NS,ema_200,9.2413
INFY.NS,ret_1,0.0597
INFY.NS,ret_5,0.0466
INFY.NS,ret_10,0.0379
IREDA.NS,rsi,1.1925
IREDA.NS,atr,8.335
IREDA.NS,ema_20,5.2261
IREDA.NS,ema_50,8.72
IREDA.NS,ema_200,18.1896
IREDA.NS,ret_1,0.2877
IREDA.NS,ret_5,0.2133
IREDA.NS,ret_10,0.5901
CUMMINSIND.NS,rsi,0.0692
CUMMINSIND.NS,atr,19.4428
CUMMINSIND.NS,ema_20,30.6627
CUMMINSIND.NS,ema_50,37.2473
CUMMINSIND.NS,ema_200,37.2473
CUMMINSIND.NS,ret_1,0.0451
CUMMINSIND.NS,ret_5,0.0345
CUMMINSIND.NS,ret_10,0.0655
BANKBARODA.NS,rsi,0.1319
BANKBARODA.NS,atr,5.9174
BANKBARODA.NS,ema_20,30.0997
BANKBARODA.NS,ema_50,30.12
BANKBARODA.NS,ema_200,37.2473
BANKBARODA.NS,ret_1,0.1639
BANKBARODA.NS,ret_5,0.3147
BANKBARODA.NS,ret_10,0.494
MRF.NS,rsi,0.2034
MRF.NS,atr,1.015
MRF.NS,ema_20,26.8173
MRF.NS,ema_50,29.9681
MRF.NS,ema_200,30.3254
MRF.NS,ret_1,0.0715
MRF.NS,ret_5,0.15
MRF.NS,ret_10,0.1357
DEEPAKNTR.NS,rsi,0.1506
DEEPAKNTR.NS,atr,0.1053
DEEPAKNTR.NS,ema_20,4.5339
DEEPAKNTR.NS,ema_50,7.7474
DEEPAKNTR.NS,ema_200,16.0234
DEEPAKNTR.NS,ret_1,0.0905
DEEPAKNTR.NS,ret_5,0.1074
DEEPAKNTR.NS,ret_10,0.2356
TORNTPOWER.NS,rsi,0.0548
TORNTPOWER.NS,atr,16.6517
TORNTPOWER.NS,ema_20,26.4771
TORNTPOWER.NS,ema_50,26.4169
TORNTPOWER.NS,ema_200,30.0276
TORNTPOWER.NS,ret_1,0.0899
TORNTPOWER.NS,ret_5,0.1134
TORNTPOWER.NS,ret_10,0.1146
ADANIENT.NS,rsi,0.7624
ADANIENT.NS,atr,1.653
ADANIENT.NS,ema_20,10.2484
ADANIENT.NS,ema_50,12.9934
ADANIENT.NS,ema_200,16.4597
ADANIENT.NS,ret_1,0.1213
ADANIENT.NS,ret_5,0.2687
ADANIENT.NS,ret_10,0.5931
BALKRISIND.NS,rsi,0.1087
BALKRISIND.NS,atr,0.6782
BALKRISIND.NS,ema_20,12.6677
BALKRISIND.NS,ema_50,15.9668
BALKRISIND.NS,ema_200,22.9127
BALKRISIND.NS,ret_1,0.0869
BALKRISIND.NS,ret_5,0.0746
BALKRISIND.NS,ret_10,0.0853
TATACOMM.NS,rsi,0.0701
TATACOMM.NS,atr,0.312
TATACOMM.NS,ema_20,23.1977
TATACOMM.NS,ema_50,23.1246
TATACOMM.NS,ema_200,26.2887
TATACOMM.NS,ret_1,0.0689
TATACOMM.NS,ret_5,0.0918
TATACOMM.NS,ret_10,0.104
CIPLA.NS,rsi,0.1217
CIPLA.NS,atr,8.8364
CIPLA.NS,ema_20,19.57
CIPLA.NS,ema_50,22.8088
CIPLA.NS,ema_200,30.036
CIPLA.NS,ret_1,0.0294
CIPLA.NS,ret_5,0.0363
CIPLA.NS,ret_10,0.0867
HDFCLIFE.NS,rsi,0.1538
HDFCLIFE.NS,atr,0.4599
HDFCLIFE.NS,ema_20,1.3068
HDFCLIFE.NS,ema_50,1.5198
HDFCLIFE.NS,ema_200,0.5966
HDFCLIFE.NS,ret_1,0.0245
HDFCLIFE.NS,ret_5,0.0646
HDFCLIFE.NS,ret_10,0.062
AUROPHARMA.NS,rsi,0.5414
AUROPHARMA.NS,atr,1.8891
AUROPHARMA.NS,ema_20,12.1213
AUROPHARMA.NS,ema_50,11.9615
AUROPHARMA.NS,ema_200,12.0084
AUROPHARMA.NS,ret_1,0.0312
AUROPHARMA.NS,ret_5,0.0896
AUROPHARMA.NS,ret_10,0.1521
ASIANPAINT.NS,rsi,0.1388
ASIANPAINT.NS,atr,8.6663
ASIANPAINT.NS,ema_20,0.3065
ASIANPAINT.NS,ema_50,0.2782
ASIANPAINT.NS,ema_200,4.1434
ASIANPAINT.NS,ret_1,0.1197
ASIANPAINT.NS,ret_5,0.1619
ASIANPAINT.NS,ret_10,0.1952
ICICIPRULI.NS,rsi,0.066
ICICIPRULI.NS,atr,0.1116
ICICIPRULI.NS,ema_20,1.1157
ICICIPRULI.NS,ema_50,1.4067
ICICIPRULI.NS,ema_200,11.6035
ICICIPRULI.NS,ret_1,0.0369
ICICIPRULI.NS,ret_5,0.0319
ICICIPRULI.NS,ret_10,0.0791
HINDUNILVR.NS,rsi,0.0553
HINDUNILVR.NS,atr,4.0012
HINDUNILVR.NS,ema_20,4.1777
HINDUNILVR.NS,ema_50,4.4433
HINDUNILVR.NS,ema_200,18.8349
HINDUNILVR.NS,ret_1,0.0579
HINDUNILVR.NS,ret_5,0.0226
HINDUNILVR.NS,ret_10,0.1233
BAJAJ-AUTO.NS,rsi,0.3507
BAJAJ-AUTO.NS,atr,12.1897
BAJAJ-AUTO.NS,ema_20,27.038
BAJAJ-AUTO.NS,ema_50,26.9372
BAJAJ-AUTO.NS,ema_200,27.2921
BAJAJ-AUTO.NS,ret_1,0.0257
BAJAJ-AUTO.NS,ret_5,0.0687
BAJAJ-AUTO.NS,ret_10,0.1147
IEX.NS,rsi,0.0476
IEX.NS,atr,0.9093
IEX.NS,ema_20,8.03
IEX.NS,ema_50,8.0052
IEX.NS,ema_200,12.8652
IEX.NS,ret_1,0.0418
IEX.NS,ret_5,0.0098
IEX.NS,ret_10,0.0223
INDUSINDBK.NS,rsi,0.0986
INDUSINDBK.NS,atr,0.24
INDUSINDBK.NS,ema_20,9.1328
INDUSINDBK.NS,ema_50,9.3796
INDUSINDBK.NS,ema_200,15.8925
INDUSINDBK.NS,ret_1,0.1072
INDUSINDBK.NS,ret_5,0.1647
INDUSINDBK.NS,ret_10,0.2524
PVRINOX.NS,rsi,0.1907
PVRINOX.NS,atr,0.283
PVRINOX.NS,ema_20,14.8467
PVRINOX.NS,ema_50,18.6313
PVRINOX.NS,ema_200,36.0404
PVRINOX.NS,ret_1,0.2681
PVRINOX.NS,ret_5,0.121
PVRINOX.NS,ret_10,0.1336
NHPC.NS,rsi,0.0301
NHPC.NS,atr,19.7252
NHPC.NS,ema_20,30.1413
NHPC.NS,ema_50,30.1637
NHPC.NS,ema_200,37.2473
NHPC.NS,ret_1,0.0245
NHPC.NS,ret_5,0.0373
NHPC.NS,ret_10,0.0295
METROPOLIS.NS,rsi,0.2236
METROPOLIS.NS,atr,12.156
METROPOLIS.NS,ema_20,5.1164
METROPOLIS.NS,ema_50,8.4389
METROPOLIS.NS,ema_200,12.1023
METROPOLIS.NS,ret_1,0.0868
METROPOLIS.NS,ret_5,0.2329
METROPOLIS.NS,ret_10,0.3783
ADANIPORTS.NS,rsi,0.0564
ADANIPORTS.NS,atr,0.9452
ADANIPORTS.NS,ema_20,15.4746
ADANIPORTS.NS,ema_50,15.8241
ADANIPORTS.NS,ema_200,22.4629
ADANIPORTS.NS,ret_1,0.11
ADANIPORTS.NS,ret_5,0.1049
ADANIPORTS.NS,ret_10,0.1916
COALINDIA.NS,rsi,0.0113
COALINDIA.NS,atr,12.0395
COALINDIA.NS,ema_20,26.7104
COALINDIA.NS,ema_50,27.1424
COALINDIA.NS,ema_200,31.1995
COALINDIA.NS,ret_1,0.0733
COALINDIA.NS,ret_5,0.0836
COALINDIA.NS,ret_10,0.1689
DIVISLAB.NS,rsi,0.1493
DIVISLAB.NS,atr,0.6783
DIVISLAB.NS,ema_20,7.8185
DIVISLAB.NS,ema_50,4.7679
DIVISLAB.NS,ema_200,5.0425
DIVISLAB.NS,ret_1,0.0712
DIVISLAB.NS,ret_5,0.0638
DIVISLAB.NS,ret_10,0.0986
PNB.NS,rsi,0.0666
PNB.NS,atr,9.2555
PNB.NS,ema_20,29.8124
PNB.NS,ema_50,29.8124
PNB.NS,ema_200,37.2473
PNB.NS,ret_1,0.0486
PNB.NS,ret_5,0.0339
PNB.NS,ret_10,0.1494
IRCTC.NS,rsi,0.1217
IRCTC.NS,atr,0.1529
IRCTC.NS,ema_20,8.0337
IRCTC.NS,ema_50,11.7011
IRCTC.NS,ema_200,19.7203
IRCTC.NS,ret_1,0.1024
IRCTC.NS,ret_5,0.1687
IRCTC.NS,ret_10,0.1735
BAJFINANCE.NS,rsi,0.079
BAJFINANCE.NS,atr,0.1979
BAJFINANCE.NS,ema_20,8.1636
BAJFINANCE.NS,ema_50,8.214
BAJFINANCE.NS,ema_200,22.8541
BAJFINANCE.NS,ret_1,0.1
BAJFINANCE.NS,ret_5,0.0698
BAJFINANCE.NS,ret_10,0.2001
ULTRACEMCO.NS,rsi,0.1424
ULTRACEMCO.NS,atr,5.2656
ULTRACEMCO.NS,ema_20,26.7452
ULTRACEMCO.NS,ema_50,26.6605
ULTRACEMCO.NS,ema_200,27.0203
ULTRACEMCO.NS,ret_1,0.0547
ULTRACEMCO.NS,ret_5,0.0707
ULTRACEMCO.NS,ret_10,0.0921
TATAMOTORS.NS,rsi,0.0748
TATAMOTORS.NS,atr,5.292
TATAMOTORS.NS,ema_20,23.5646
TATAMOTORS.NS,ema_50,23.4774
TATAMOTORS.NS,ema_200,30.0804
TATAMOTORS.NS,ret_1,0.0957
TATAMOTORS.NS,ret_5,0.1167
TATAMOTORS.NS,ret_10,0.0578
TATAELXSI.NS,rsi,0.3296
TATAELXSI.NS,atr,1.2257
TATAELXSI.NS,ema_20,5.2554
TATAELXSI.NS,ema_50,8.4941
TATAELXSI.NS,ema_200,11.8334
TATAELXSI.NS,ret_1,0.2636
TATAELXSI.NS,ret_5,0.3192
TATAELXSI.NS,ret_10,0.4292
NTPC.NS,rsi,0.0409
NTPC.NS,atr,16.3518
NTPC.NS,ema_20,30.8681
NTPC.NS,ema_50,37.2473
NTPC.NS,ema_200,37.2473
NTPC.NS,ret_1,0.0217
NTPC.NS,ret_5,0.0189
NTPC.NS,ret_10,0.028
WIPRO.NS,rsi,0.0596
WIPRO.NS,atr,0.203
WIPRO.NS,ema_20,0.9623
WIPRO.NS,ema_50,0.856
WIPRO.NS,ema_200,8.2228
WIPRO.NS,ret_1,0.0294
WIPRO.NS,ret_5,0.0357
WIPRO.NS,ret_10,0.0522
INDUSTOWER.NS,rsi,0.3652
INDUSTOWER.NS,atr,0.6823
INDUSTOWER.NS,ema_20,9.3481
INDUSTOWER.NS,ema_50,9.9132
INDUSTOWER.NS,ema_200,13.2898
INDUSTOWER.NS,ret_1,0.0279
INDUSTOWER.NS,ret_5,0.0733
INDUSTOWER.NS,ret_10,0.0768
PHOENIXLTD.NS,rsi,0.0417
PHOENIXLTD.NS,atr,16.2665
PHOENIXLTD.NS,ema_20,26.6742
PHOENIXLTD.NS,ema_50,29.8303
PHOENIXLTD.NS,ema_200,30.4297
PHOENIXLTD.NS,ret_1,0.0548
PHOENIXLTD.NS,ret_5,0.0147
PHOENIXLTD.NS,ret_10,0.0801
HINDALCO.NS,rsi,0.0271
HINDALCO.NS,atr,0.2459
HINDALCO.NS,ema_20,15.4342
HINDALCO.NS,ema_50,15.5318
HINDALCO.NS,ema_200,22.5199
HINDALCO.NS,ret_1,0.2182
HINDALCO.NS,ret_5,0.3038
HINDALCO.NS,ret_10,0.2832
OIL.NS,rsi,0.0622
OIL.NS,atr,12.3911
OIL.NS,ema_20,30.4297
OIL.NS,ema_50,30.7232
OIL.NS,ema_200,31.0648
OIL.NS,ret_1,0.0135
OIL.NS,ret_5,0.0669
OIL.NS,ret_10,0.0714
UPL.NS,rsi,0.0687
UPL.NS,atr,5.8725
UPL.NS,ema_20,8.804
UPL.NS,ema_50,12.5934
UPL.NS,ema_200,8.9598
UPL.NS,ret_1,0.0607
UPL.NS,ret_5,0.0814
UPL.NS,ret_10,0.1089
OFSS.NS,rsi,0.2451
OFSS.NS,atr,12.1471
OFSS.NS,ema_20,18.9644
OFSS.NS,ema_50,15.6869
OFSS.NS,ema_200,15.2545
OFSS.NS,ret_1,0.0512
OFSS.NS,ret_5,0.122
OFSS.NS,ret_10,0.146
NMDC.NS,rsi,0.0997
NMDC.NS,atr,6.8216
NMDC.NS,ema_20,19.9633
NMDC.NS,ema_50,19.4207
NMDC.NS,ema_200,20.2313
NMDC.NS,ret_1,0.0486
NMDC.NS,ret_5,0.0329
NMDC.NS,ret_10,0.1281
HDFCBANK.NS,rsi,0.0753
HDFCBANK.NS,atr,1.0151
HDFCBANK.NS,ema_20,11.8949
HDFCBANK.NS,ema_50,15.6062
HDFCBANK.NS,ema_200,30.12
HDFCBANK.NS,ret_1,0.1102
HDFCBANK.NS,ret_5,0.0962
HDFCBANK.NS,ret_10,0.1219
MARUTI.NS,rsi,0.0927
MARUTI.NS,atr,0.6205
MARUTI.NS,ema_20,26.6321
MARUTI.NS,ema_50,26.522
MARUTI.NS,ema_200,30.212
MARUTI.NS,ret_1,0.0607
MARUTI.NS,ret_5,0.0484
MARUTI.NS,ret_10,0.052
BRITANNIA.NS,rsi,0.0954
BRITANNIA.NS,atr,5.4485
BRITANNIA.NS,ema_20,30.0804
BRITANNIA.NS,ema_50,30.12
BRITANNIA.NS,ema_200,37.2473
BRITANNIA.NS,ret_1,0.034
BRITANNIA.NS,ret_5,0.0304
BRITANNIA.NS,ret_10,0.0667
AIAENG.NS,rsi,0.1386
AIAENG.NS,atr,9.5092
AIAENG.NS,ema_20,37.2473
AIAENG.NS,ema_50,37.2473
AIAENG.NS,ema_200,37.2473
AIAENG.NS,ret_1,0.04
AIAENG.NS,ret_5,0.0266
AIAENG.NS,ret_10,0.0472
M&M.NS,rsi,0.0825
M&M.NS,atr,12.6054
M&M.NS,ema_20,26.4199
M&M.NS,ema_50,26.6995
M&M.NS,ema_200,30.3254
M&M.NS,ret_1,0.0246
M&M.NS,ret_5,0.0515
M&M.NS,ret_10,0.0864
ITC.NS,rsi,0.2259
ITC.NS,atr,5.8709
ITC.NS,ema_20,30.8681
ITC.NS,ema_50,37.2473
ITC.NS,ema_200,37.2473
ITC.NS,ret_1,0.0866
ITC.NS,ret_5,0.2279
ITC.NS,ret_10,0.2008
HDFCAMC.NS,rsi,0.7019
HDFCAMC.NS,atr,8.9814
HDFCAMC.NS,ema_20,12.2764
HDFCAMC.NS,ema_50,12.3839
HDFCAMC.NS,ema_200,12.5439
HDFCAMC.NS,ret_1,0.0593
HDFCAMC.NS,ret_5,0.1118
HDFCAMC.NS,ret_10,0.2729
ASTRAL.NS,rsi,0.1566
ASTRAL.NS,atr,0.3441
ASTRAL.NS,ema_20,15.5169
ASTRAL.NS,ema_50,15.8209
ASTRAL.NS,ema_200,23.1671
ASTRAL.NS,ret_1,0.0755
ASTRAL.NS,ret_5,0.1611
ASTRAL.NS,ret_10,0.1506
TITAN.NS,rsi,0.0653
TITAN.NS,atr,1.7352
TITAN.NS,ema_20,26.8037
TITAN.NS,ema_50,26.6924
TITAN.NS,ema_200,30.3254
TITAN.NS,ret_1,0.0908
TITAN.NS,ret_5,0.084
TITAN.NS,ret_10,0.1938
LT.NS,rsi,0.0739
LT.NS,atr,12.798
LT.NS,ema_20,30.8681
LT.NS,ema_50,37.2473
LT.NS,ema_200,37.2473
LT.NS,ret_1,0.0491
LT.NS,ret_5,0.0596
LT.NS,ret_10,0.0517
BSE.NS,rsi,0.3024
BSE.NS,atr,19.849
BSE.NS,ema_20,22.9805
BSE.NS,ema_50,22.9612
BSE.NS,ema_200,23.5198
BSE.NS,ret_1,0.1192
BSE.NS,ret_5,0.1742
BSE.NS,ret_10,0.1719
LUPIN.NS,rsi,0.9236
LUPIN.NS,atr,8.7756
LUPIN.NS,ema_20,12.472
LUPIN.NS,ema_50,12.2923
LUPIN.NS,ema_200,12.0922
LUPIN.NS,ret_1,0.0302
LUPIN.NS,ret_5,0.1359
LUPIN.NS,ret_10,0.2427
TIINDIA.NS,rsi,0.2381
TIINDIA.NS,atr,12.7298
TIINDIA.NS,ema_20,29.8062
TIINDIA.NS,ema_50,29.8419
TIINDIA.NS,ema_200,37.2473
TIINDIA.NS,ret_1,0.0186
TIINDIA.NS,ret_5,0.0652
TIINDIA.NS,ret_10,0.1219
POWERGRID.NS,rsi,0.0588
POWERGRID.NS,atr,12.1009
POWERGRID.NS,ema_20,30.1872
POWERGRID.NS,ema_50,30.1413
POWERGRID.NS,ema_200,37.2473
POWERGRID.NS,ret_1,0.0316
POWERGRID.NS,ret_5,0.0411
POWERGRID.NS,ret_10,0.0465
PETRONET.NS,rsi,0.0371
PETRONET.NS,atr,4.8488
PETRONET.NS,ema_20,12.3027
PETRONET.NS,ema_50,12.2728
PETRONET.NS,ema_200,10.4688
PETRONET.NS,ret_1,0.0406
PETRONET.NS,ret_5,0.0489
PETRONET.NS,ret_10,0.0756
MAXHEALTH.NS,rsi,0.0956
MAXHEALTH.NS,atr,23.2043
MAXHEALTH.NS,ema_20,31.1995
MAXHEALTH.NS,ema_50,37.2473
MAXHEALTH.NS,ema_200,37.2473
MAXHEALTH.NS,ret_1,0.0415
MAXHEALTH.NS,ret_5,0.0526
MAXHEALTH.NS,ret_10,0.0246
CROMPTON.NS,rsi,0.0864
CROMPTON.NS,atr,8.7957
CROMPTON.NS,ema_20,1.1599
CROMPTON.NS,ema_50,1.488
CROMPTON.NS,ema_200,4.7799
CROMPTON.NS,ret_1,0.0561
CROMPTON.NS,ret_5,0.1
CROMPTON.NS,ret_10,0.0401
JSWSTEEL.NS,rsi,0.0525
JSWSTEEL.NS,atr,0.2093
JSWSTEEL.NS,ema_20,23.331
JSWSTEEL.NS,ema_50,26.6772
JSWSTEEL.NS,ema_200,30.238
JSWSTEEL.NS,ret_1,0.1324
JSWSTEEL.NS,ret_5,0.1339
JSWSTEEL.NS,ret_10,0.2033
NAVINFLUOR.NS,rsi,0.1385
NAVINFLUOR.NS,atr,0.89
NAVINFLUOR.NS,ema_20,5.1995
NAVINFLUOR.NS,ema_50,8.1242
NAVINFLUOR.NS,ema_200,11.7369
NAVINFLUOR.NS,ret_1,0.0874
NAVINFLUOR.NS,ret_5,0.1191
NAVINFLUOR.NS,ret_10,0.1038
LTIM.NS,rsi,0.0811
LTIM.NS,atr,4.2716
LTIM.NS,ema_20,8.6563
LTIM.NS,ema_50,9.2638
LTIM.NS,ema_200,8.2715
LTIM.NS,ret_1,0.1801
LTIM.NS,ret_5,0.1676
LTIM.NS,ret_10,0.1545
GOKEX.NS,rsi,0.1259
GOKEX.NS,atr,12.9742
GOKEX.NS,ema_20,26.48
GOKEX.NS,ema_50,26.6234
GOKEX.NS,ema_200,30.7232
GOKEX.NS,ret_1,0.1188
GOKEX.NS,ret_5,0.0556
GOKEX.NS,ret_10,0.0596
LODHA.NS,rsi,0.0582
LODHA.NS,atr,19.7194
LODHA.NS,ema_20,30.441
LODHA.NS,ema_50,30.2734
LODHA.NS,ema_200,30.6789
LODHA.NS,ret_1,0.0476
LODHA.NS,ret_5,0.0408
LODHA.NS,ret_10,0.0328
NEWGEN.NS,rsi,0.1287
NEWGEN.NS,atr,19.7031
NEWGEN.NS,ema_20,26.5901
NEWGEN.NS,ema_50,26.4414
NEWGEN.NS,ema_200,22.8005
NEWGEN.NS,ret_1,0.0569
NEWGEN.NS,ret_5,0.1349
NEWGEN.NS,ret_10,0.1681
IDEA.NS,rsi,0.1572
IDEA.NS,atr,0.2328
IDEA.NS,ema_20,2.1965
IDEA.NS,ema_50,5.5996
IDEA.NS,ema_200,8.8178
IDEA.NS,ret_1,0.1841
IDEA.NS,ret_5,0.028
IDEA.NS,ret_10,0.0344
HCLTECH.NS,rsi,0.2447
HCLTECH.NS,atr,1.284
HCLTECH.NS,ema_20,19.668
HCLTECH.NS,ema_50,22.9384
HCLTECH.NS,ema_200,22.9161
HCLTECH.NS,ret_1,0.0407
HCLTECH.NS,ret_5,0.015
HCLTECH.NS,ret_10,0.0624
GRASIM.NS,rsi,0.3379
GRASIM.NS,atr,1.9648
GRASIM.NS,ema_20,23.0953
GRASIM.NS,ema_50,23.0657
GRASIM.NS,ema_200,30.0276
GRASIM.NS,ret_1,0.0624
GRASIM.NS,ret_5,0.1231
GRASIM.NS,ret_10,0.267
TECHM.NS,rsi,0.1027
TECHM.NS,atr,0.2721
TECHM.NS,ema_20,8.4482
TECHM.NS,ema_50,8.3632
TECHM.NS,ema_200,8.47
TECHM.NS,ret_1,0.0724
TECHM.NS,ret_5,0.0627
TECHM.NS,ret_10,0.0306
PERSISTENT.NS,rsi,0.0345
PERSISTENT.NS,atr,15.9218
PERSISTENT.NS,ema_20,30.0444
PERSISTENT.NS,ema_50,30.5119
PERSISTENT.NS,ema_200,37.2473
PERSISTENT.NS,ret_1,0.0764
PERSISTENT.NS,ret_5,0.0852
PERSISTENT.NS,ret_10,0.1459
MUTHOOTFIN.NS,rsi,0.6045
MUTHOOTFIN.NS,atr,4.9783
MUTHOOTFIN.NS,ema_20,8.9846
MUTHOOTFIN.NS,ema_50,8.7105
MUTHOOTFIN.NS,ema_200,8.2215
MUTHOOTFIN.NS,ret_1,0.055
MUTHOOTFIN.NS,ret_5,0.1098
MUTHOOTFIN.NS,ret_10,0.2543
CONCOR.NS,rsi,0.0942
CONCOR.NS,atr,1.368
CONCOR.NS,ema_20,8.0986
CONCOR.NS,ema_50,11.6682
CONCOR.NS,ema_200,16.4064
CONCOR.NS,ret_1,0.0302
CONCOR.NS,ret_5,0.0496
CONCOR.NS,ret_10,0.0774
BAJAJFINSV.NS,rsi,0.181
BAJAJFINSV.NS,atr,0.2521
BAJAJFINSV.NS,ema_20,8.405
BAJAJFINSV.NS,ema_50,11.3692
BAJAJFINSV.NS,ema_200,18.893
BAJAJFINSV.NS,ret_1,0.139
BAJAJFINSV.NS,ret_5,0.2087
BAJAJFINSV.NS,ret_10,0.3132
AXISBANK.NS,rsi,0.1063
AXISBANK.NS,atr,0.4125
AXISBANK.NS,ema_20,29.8887
AXISBANK.NS,ema_50,29.8711
AXISBANK.NS,ema_200,37.2473
AXISBANK.NS,ret_1,0.1412
AXISBANK.NS,ret_5,0.1957
AXISBANK.NS,ret_10,0.2841
TORNTPHARM.NS,rsi,0.529
TORNTPHARM.NS,atr,12.1725
TORNTPHARM.NS,ema_20,26.7943
TORNTPHARM.NS,ema_50,26.7453
TORNTPHARM.NS,ema_200,30.212
TORNTPHARM.NS,ret_1,0.0326
TORNTPHARM.NS,ret_5,0.0637
TORNTPHARM.NS,ret_10,0.0965
PGEL.NS,rsi,0.0914
PGEL.NS,atr,23.6009
PGEL.NS,ema_20,30.9575
PGEL.NS,ema_50,37.2473
PGEL.NS,ema_200,37.2473
PGEL.NS,ret_1,0.0911
PGEL.NS,ret_5,0.0685
PGEL.NS,ret_10,0.1197
SBICARD.NS,rsi,0.0568
SBICARD.NS,atr,5.4802
SBICARD.NS,ema_20,8.2613
SBICARD.NS,ema_50,11.9191
SBICARD.NS,ema_200,26.6332
SBICARD.NS,ret_1,0.1667
SBICARD.NS,ret_5,0.1475
SBICARD.NS,ret_10,0.1079
SUNPHARMA.NS,rsi,0.2175
SUNPHARMA.NS,atr,11.8723
SUNPHARMA.NS,ema_20,29.8143
SUNPHARMA.NS,ema_50,29.8143
SUNPHARMA.NS,ema_200,37.2473
SUNPHARMA.NS,ret_1,0.0805
SUNPHARMA.NS,ret_5,0.034
SUNPHARMA.NS,ret_10,0.0969
PIIND.NS,rsi,0.0843
PIIND.NS,atr,0.1003
PIIND.NS,ema_20,23.2195
PIIND.NS,ema_50,26.4972
PIIND.NS,ema_200,29.9819
PIIND.NS,ret_1,0.1571
PIIND.NS,ret_5,0.0869
PIIND.NS,ret_10,0.0755
ARVIND.NS,rsi,0.0629
ARVIND.NS,atr,16.042
ARVIND.NS,ema_20,19.8571
ARVIND.NS,ema_50,19.694
ARVIND.NS,ema_200,22.8386
ARVIND.NS,ret_1,0.0181
ARVIND.NS,ret_5,0.0824
ARVIND.NS,ret_10,0.1731
RELIANCE.NS,rsi,0.1544
RELIANCE.NS,atr,0.3743
RELIANCE.NS,ema_20,16.0191
RELIANCE.NS,ema_50,19.4572
RELIANCE.NS,ema_200,26.4806
RELIANCE.NS,ret_1,0.1091
RELIANCE.NS,ret_5,0.1552
RELIANCE.NS,ret_10,0.1407
TATAPOWER.NS,rsi,0.0881
TATAPOWER.NS,atr,1.3431
TATAPOWER.NS,ema_20,19.4759
TATAPOWER.NS,ema_50,19.8386
TATAPOWER.NS,ema_200,26.3934
TATAPOWER.NS,ret_1,0.0908
TATAPOWER.NS,ret_5,0.0418
TATAPOWER.NS,ret_10,0.1522
KOTAKBANK.NS,rsi,0.0333
KOTAKBANK.NS,atr,1.7528
KOTAKBANK.NS,ema_20,0.3334
KOTAKBANK.NS,ema_50,0.7043
KOTAKBANK.NS,ema_200,9.0836
KOTAKBANK.NS,ret_1,0.1502
KOTAKBANK.NS,ret_5,0.0883
KOTAKBANK.NS,ret_10,0.172
NYKAA.NS,rsi,0.5121
NYKAA.NS,atr,5.1415
NYKAA.NS,ema_20,10.0612
NYKAA.NS,ema_50,12.6599
NYKAA.NS,ema_200,12.0584
NYKAA.NS,ret_1,0.1005
NYKAA.NS,ret_5,0.2511
NYKAA.NS,ret_10,0.36
